date,category,article title
01/12/2017, Finance ,Stocks Slide on Wall Street After Michael Flynn’s Guilty Plea in Trump-Russia Investigation
01/12/2017, Finance ,"Term Sheet — Friday, December 1"
04/12/2017, Finance ,Calm Down. Cryptocurrency Is Still a Microscopic Asset in the Financial Market
04/12/2017, Finance ,Could Israel Become a Hub for Bitcoin and Other Cryptocurrency?
04/12/2017, Finance ,Winklevoss Twins Used Facebook Payout to Become Bitcoin Billionaires
04/12/2017, Finance ,Term Sheet — Monday December 4
04/12/2017, Finance ,21st Century Fox Restarts Talks to Sell Most of the Company to Disney
05/12/2017, Finance ,Why Wall Street Is Skeptical of the CVS-Aetna Deal
05/12/2017, Finance ,Bitcoin Futures Are Coming and Regulators Are Racing to Catch Up
05/12/2017, Finance ,Term Sheet — Tuesday December 5
05/12/2017, Finance ,Robert Mueller Wants to Know About Deutsche Bank’s Relationship With Donald Trump
06/12/2017, Finance ,Bitcoin Is Such a Frenzy in South Korea That It Costs More There
06/12/2017, Finance ,"Bitcoin Is Still a ‘Joke,’ These Finance Giants Say"
06/12/2017, Finance ,Why HSBC CEO Stuart Gulliver Isn’t Afraid of Fintech
06/12/2017, Finance ,Term Sheet — Wednesday December 6
06/12/2017, Finance ,Apple Could See Nearly $47 Billion in Benefits From the Republican Tax Reform
06/12/2017, Finance ,"Bitcoin Surges Above $12,000 For the First Time"
07/12/2017, Finance ,This Is the Real Reason the Stock Market Needs Activist Investors
07/12/2017, Finance ,Morgan Stanley Fires Ex-Congressman Ford After Misconduct Probe
07/12/2017, Finance ,"Goldman, BlackRock, Blackstone Vie to Keep Wall Street Crowns"
07/12/2017, Finance ,President Trump’s Middle-Class Tax Pledges Go Unfulfilled in Senate Bill
07/12/2017, Finance ,Term Sheet — Thursday December 7
07/12/2017, Finance ,Why China’s GDP Growth Rate Tells Us Nothing About Its Economy
07/12/2017, Finance ,4 Best Tech Stocks to Buy for 2018—Instead of Buying Bitcoin
07/12/2017, Finance ,Investing: How the World’s Biggest Money Manager Is Preparing for 2018
07/12/2017, Finance ,The 5 Best Emerging Markets Stocks for 2018: How to Buy the Amazon and Google of China
07/12/2017, Finance ,Why the World’s Biggest Money Manager Thinks Inflation Is Back
07/12/2017, Finance ,Here’s What the World’s Biggest Money Manager Thinks Stocks Will Do Next Year
07/12/2017, Finance ,The 6 Best Stocks to Buy for 2018 Before Robots Take Your Job
07/12/2017, Finance ,The Best Investing Advice for 2018 From Fortune’s Experts
07/12/2017, Finance ,Here’s What the World’s Biggest Money Manager Is Worrying About for 2018
07/12/2017, Finance ,How Fortune’s Best Stocks Crushed the Market in 2017
07/12/2017, Finance ,The 4 Best Biotech and Health Care Stocks to Buy for 2018
07/12/2017, Finance ,The 5 Best Fintech Stocks to Buy for 2018
07/12/2017, Finance ,Inside Elliott Management: How Paul Singer’s Hedge Fund Always Wins
07/12/2017, Finance ,How We Picked Our Best Stocks for 2018
07/12/2017, Finance ,Corporate Profits Are Soaring. Here’s Why It Can’t Last
07/12/2017, Finance ,Why McDonald’s Is One of the 3 Best E-commerce Stocks to Buy for 2018
07/12/2017, Finance ,Why It’s Time for a Stock Market Sobriety Check
07/12/2017, Finance ,All-Tech Investing: The 31 Best Stocks to Buy for 2018 Instead of Apple or Tesla
08/12/2017, Finance ,"Term Sheet — Friday, December 8"
08/12/2017, Finance ,Goldman Sachs Has Practically Vanished from Hong Kong’s IPO Scene
09/12/2017, Finance ,Bitcoin Futures Trading Brings Crypto Into Mainstream Finance
10/12/2017, Finance ,Bitcoin Futures Launch to a Dramatic Start
11/12/2017, Finance ,Bitcoin Futures Started So Hot That Trading Had to Be Halted Twice
11/12/2017, Finance ,Carl Icahn Will Nominate Four Directors to Xerox Board
11/12/2017, Finance ,"Term Sheet — Monday, December 11"
11/12/2017, Finance ,An 82-Year-Old VC Makes a Splash With Young Startups
12/12/2017, Finance ,Bitcoin Began With Men. But Women May Be Cryptocurrency’s Future
12/12/2017, Finance ,"‘Speculative Mania.’ Bitcoin Is More Likely to Appeal to Criminals Than Consumers, RBA Governor Says"
12/12/2017, Finance ,Hedge Funds Flock to Broker That Embraced Bitcoin Futures Early
12/12/2017, Finance ,Bitcoin Short Shortage Keeps Crypto Futures Wobbling Above Spot
12/12/2017, Finance ,Winklevoss Twins Say Futures Are Just the Beginning for Bitcoin
12/12/2017, Finance ,Bitcoin ‘Sect’ Stuns Online Broker With 50-Fold Jump
12/12/2017, Finance ,"Term Sheet — Tuesday, December 12"
12/12/2017, Finance ,Why Your Retirement Plans Need a Reality Check
13/12/2017, Finance ,The Disney Deal Is Set to Value Fox at More Than $75 Billion
13/12/2017, Finance ,‘Highly Speculative Asset.’ The Fed Chair Just Issued a Stark Warning About Bitcoin
13/12/2017, Finance ,Liberty Tax Founder John Hewitt Faces Ouster Amid Sex Scandal Allegations
13/12/2017, Finance ,"Term Sheet — Wednesday, December 13"
13/12/2017, Finance ,How ‘Impact Investing’ Can Put a Profitable Spin on Charity
13/12/2017, Finance ,Why Consulting Can Be Better Than Retiring
13/12/2017, Finance ,How to Invest for a 40-Year Retirement
14/12/2017, Finance ,"This Couple Invested in Bitcoin at $800. Now It’s $17,000 and They’re Donating Everything to a Cancer Hospital"
14/12/2017, Finance ,Why Bitcoin is Surging in the Countries Trying Hardest to Stop It
14/12/2017, Finance ,"Term Sheet — Friday, December 14"
14/12/2017, Finance ,First Came Bitcoin. Then Came Bitcoin Lenders
14/12/2017, Finance ,How Schwab Got Robots to Play Nice With Humans
14/12/2017, Finance ,Kickstarter Says It Won’t Follow Indiegogo Into ICOs
15/12/2017, Finance ,P&G Appoints Activist Investor Nelson Peltz to Board Following Proxy Battle
15/12/2017, Finance ,Final Republican Tax Bill Slashes Corporate Rate
15/12/2017, Finance ,"Term Sheet — Friday, December 15"
15/12/2017, Finance ,A Goldman Sachs Selfie Just Made Twitter $1.2 Billion Bigger
15/12/2017, Finance ,Disney CEO Bob Iger Will See a Massive Payday if the Fox Deal Goes Through
15/12/2017, Finance ,‘Be Prepared to Lose Your Money.’ A British Regulator Has a Warning for Bitcoin Buyers
16/12/2017, Finance ,How Individual Taxpayers Can Exploit the New Tax Bill Right Now
17/12/2017, Finance ,Bitcoin Is Now Trading on the World’s Largest Futures Exchange
18/12/2017, Finance ,The Stock Market Again Closed at New Record Highs on Monday
18/12/2017, Finance ,"Term Sheet — Monday, December 18"
18/12/2017, Finance ,Here’s Why Hershey Just Spent Almost $1 Billion on Popcorn
18/12/2017, Finance ,Ikea Is the Latest Multinational Being Investigated for Avoiding EU Taxes
18/12/2017, Finance ,Taxpayers are Scrambling to Claim Deductions While They Still Can
19/12/2017, Finance ,"Cryptocurrency CEO Warns 1,000% Stock Rise Is ‘Not a Reality’ As Bitcoin Mania Takes Hold"
19/12/2017, Finance ,"Term Sheet — Tuesday, December 19"
19/12/2017, Finance ,The EU’s Brexit Negotiator Is Practicing His Grinch Routine
19/12/2017, Finance ,Wells Fargo Names Mary Mack Head of Consumer Lending
19/12/2017, Finance ,Airbnb Apartment Complexes Could Soon be Coming to the U.S.—Thanks to a $200 Million Investment
19/12/2017, Finance ,A Feud Between Boeing and Bombardier is Casting a Spotlight on U.S.-Canadian Trade Deals
19/12/2017, Finance ,"Warren Buffett’s Berkshire Hathaway Hit a Record of $300,000 a Share"
20/12/2017, Finance ,Online Brokerage E*Trade Is Now Letting Its Customers Trade Cboe Bitcoin Futures
20/12/2017, Finance ,Chipotle Stock Plunges After Reports of Vomiting Employees at L.A. Restaurant
20/12/2017, Finance ,Trump’s Chief Economic Adviser Gary Cohn Says This Is Why He Won’t Buy Bitcoin
20/12/2017, Finance ,"Term Sheet — Wednesday, December 20"
20/12/2017, Finance ,The U.K. Will Make Concessions to EU Banks to Keep Them in London After Brexit
21/12/2017, Finance ,This Iced Tea Company Pivoted to Blockchain. Now its Stock is Up 200%
21/12/2017, Finance ,"Term Sheet — Thursday, December 21"
21/12/2017, Finance ,Emerging Markets: Why India Stocks Could Be Big Winners in 2018
21/12/2017, Finance ,3 Retail Stocks That Amazon Won’t Crush
22/12/2017, Finance ,Why Successful Entrepreneurs Choose Startups Over Stocks
22/12/2017, Finance ,"Term Sheet — Friday, December 22"
22/12/2017, Finance ,"Lawmakers Want to Probe Who Owns HNA Group, the Chinese Giant Taking Over U.S. Companies"
22/12/2017, Finance ,Roche to Buy U.S. Cancer Drugmaker Ignyta for $1.7 Billion
22/12/2017, Finance ,"Bitcoin Price Drops Below $14,000 as Cryptocurrency Competition Heats Up"
22/12/2017, Finance ,Real Estate Developer Woodbridge Is Being Sued Over a $1.2 Billion Ponzi Scheme that Defrauded the Elderly
26/12/2017, Finance ,"Crypto Stocks Rally as Bitcoin Bounces Back Above $15,000"
27/12/2017, Finance ,Hundreds of People Are Standing in Line to Prepay Property Taxes. It Might Be For Nothing
27/12/2017, Finance ,Kanye West Gives Kim Kardashian West Hundreds of Thousands of Dollars Worth of Stock in Five Major Companies
28/12/2017, Finance ,U.S. Renters Paid a Record High $485.6 Billion in 2017: Zillow
28/12/2017, Finance ,"2017 Was a Robust Year for the U.S. Housing Market, Zillow Says"
28/12/2017, Finance ,The U.S. Inflation Mystery Made Economists Look Bad in 2017
28/12/2017, Finance ,Will the Stock Market Crash in 2018? Here’s What Wall Street Predicts
28/12/2017, Finance ,"From Bitcoin to Belize, Here Are Best and Worst Assets of 2017"
28/12/2017, Finance ,Citigroup Fined for Telling Clients to Buy When It Meant Sell
28/12/2017, Finance ,"As Bitcoin Sinks, So Do Stocks With Ties to Cryptocurrencies"
28/12/2017, Finance ,3 Strategies for Cutting a High State Tax Bill
28/12/2017, Finance ,"Jobless Claims Hold Steady, Signaling Solid U.S. Labor Market"
28/12/2017, Finance ,Banks Offer Cash-Strapped Clients a Way to Game Trump’s Tax Plan
28/12/2017, Finance ,Everything You Need to Know About Global Markets in 2018
29/12/2017, Finance ,IRS Issues Tax Rate Guidance for Stockpiled Foreign Income
29/12/2017, Finance ,Goldman Sachs Is Taking a $5 Billion Hit From the Republican Tax Bill
30/12/2017, Finance ,Goldman Sachs Sends Up a Warning Flag About Cryptocurrencies in 2018
30/12/2017, Finance ,Peculiar Year for Markets Defied Almost Everyone’s Expectations
31/12/2017, Finance ,The 10 Biggest Business Scandals of 2017
02/01/2018, Finance ,Marijuana Stocks Soar As California Legalizes Recreational Pot
02/01/2018, Finance ,Why Bitcoin Is Losing Its Luster Among Criminals
02/01/2018, Finance ,"Term Sheet — Tuesday, January 2"
03/01/2018, Finance ,"Weight Watchers Teams Up With DJ Khaled, And Oprah Gets $26 Million Richer"
03/01/2018, Finance ,Bitcoin’s ‘Altcoin’ Cryptocurrency Rivals Are Finally Catching Up
03/01/2018, Finance ,"Term Sheet — Wednesday, January 3"
04/01/2018, Finance ,Here’s The Dow Jones Stocks You Should’ve Invested In After Trump’s Election
04/01/2018, Finance ,"Dow Jones Surpasses 25,000 for the First Time as Stocks Rally Despite Winter Storm"
04/01/2018, Finance ,"Term Sheet — Thursday, January 4"
05/01/2018, Finance ,Tech Stocks Soared In 2017. That Could Hurt You In 2018
05/01/2018, Finance ,Why the Hedge Funder Who Predicted the Recession Is Worried About the Record Stock Market
05/01/2018, Finance ,"Donald Trump Tweets That Stock Market Rises Fastest 1,000 in History. Here’s What History Says."
05/01/2018, Finance ,Capital One CEO Richard Fairbank Just Became a Billionaire
05/01/2018, Finance ,The Owner of Corona Beer Just Made a Bet on Legal Marijuana
05/01/2018, Finance ,"Term Sheet — Friday, January 5"
07/01/2018, Finance ,U.S. Biotech Firm Celgene to Buy Impact Biomedicines for up to $7 Billion
08/01/2018, Finance ,Alibaba Founder Jack Ma Says He’s Reconsidering a Stock Listing in Hong Kong
08/01/2018, Finance ,Jeff Bezos Is Now Worth More Than $105 Billion
08/01/2018, Finance ,Warren Buffett’s Berkshire Hathaway Could Make $37 Billion from Trump’s Tax Cut
08/01/2018, Finance ,"Term Sheet — Monday, January 8"
08/01/2018, Finance ,China’s Richest Woman Just Made $2 Billion in Four Days
09/01/2018, Finance ,Wall Street Bulls Say Stocks Look Cheap. Don’t Be Fooled
09/01/2018, Finance ,Credit Card Debt Hits Highest Levels Since the 2008 Housing Crisis
09/01/2018, Finance ,"Term Sheet — Tuesday, January 9"
10/01/2018, Finance ,Warren Buffett: Tax Cut Will Make Companies More Valuable
10/01/2018, Finance ,Companies’ Stocks Are Skyrocketing When They Pivot to Blockchain. Now Traders Are Getting Rich Off That
10/01/2018, Finance ,"Term Sheet — Wednesday, January 10"
11/01/2018, Finance ,"Term Sheet — Thursday, January 11"
11/01/2018, Finance ,Struggling Xerox Is Reportedly in Deal Talks With Japan’s Fujifilm
12/01/2018, Finance ,"Term Sheet — Friday, January 12"
12/01/2018, Finance ,Fiat Chrysler Is the Latest Company to Give Workers a Big Bonus After U.S. Tax Reform
13/01/2018, Finance ,Taking Clients to Ballgames Will Cost You More Under New Tax Laws
13/01/2018, Finance ,This Country Is Warning Against ‘Risky and Inherently Speculative’ Cryptocurrencies
15/01/2018, Finance ,SoftBank Flirts With Wireless Unit IPO that Could Be Japan’s Biggest in Two Decades
16/01/2018, Finance ,Why Wall Street Is Ignoring “CAPE” Fear
16/01/2018, Finance ,"Term Sheet — Tuesday, January 16"
16/01/2018, Finance ,GE Shares Dive on $6.2 Billion Charge for Problems in Its Finance Unit
16/01/2018, Finance ,The Energizer Bunny Is Buying Rayovac in a $2 Billion Deal
17/01/2018, Finance ,South Korea Is Considering Shutting Down all Virtual Currency Exchanges
17/01/2018, Finance ,"After a Terrible Start to 2018, Bitcoin Rebounds Above $11,000"
17/01/2018, Finance ,Goldman Sachs Posts Its First Quarterly Loss in 6 Years Thanks to Trump’s Tax Bill
17/01/2018, Finance ,A Goldman Sachs Executive Was Robbed of $1.2 Million Worth of Wine
17/01/2018, Finance ,Apple Is Paying $38 Billion to Bring Cash Back to the U.S. Because of the Tax Overhaul
17/01/2018, Finance ,Did Bitcoin Just Burst? How It Compares to History’s Big Bubbles
17/01/2018, Finance ,This Central Bank Has the Worst Track Record for Predicting Inflation
17/01/2018, Finance ,"Term Sheet — Wednesday, January 17"
17/01/2018, Finance ,This Was the Single Most Complained-About Company of 2017
18/01/2018, Finance ,Apple Leads These Companies With Massive Overseas Cash Repatriation Tax Bills
18/01/2018, Finance ,"Term Sheet — Thursday, January 18"
18/01/2018, Finance ,"Bitcoin Roller-Coasters Back Above $11,000 After a Frantic 24 Hours"
18/01/2018, Finance ,China’s Economic Growth Last Year Was Even Better Than Expected
19/01/2018, Finance ,Everything We Know About Donald Trump’s Proposed Border Wall
19/01/2018, Finance ,How Will a Government Shutdown Impact the U.S. Economy? Here’s What the Analysts Say
19/01/2018, Finance ,"Term Sheet — Friday, January 19"
19/01/2018, Finance ,Why Sony and Nintendo Stocks Could Rack Up Higher Scores
22/01/2018, Finance ,How Bank of America Can Catch J.P. Morgan
22/01/2018, Finance ,CEO Optimism in the World Economy Has Reached a Record High
22/01/2018, Finance ,"Term Sheet — Monday, January 22"
23/01/2018, Finance ,How Tesla’s Elon Musk Could Become the World’s Richest Person Without Ever Getting a Paycheck
23/01/2018, Finance ,"Pointing to Trump Tax Cuts, J.P. Morgan Chase to Add 4,000 Jobs in the U.S."
23/01/2018, Finance ,Bitcoin Forking Madness Could Result in 50 Splits This Year
23/01/2018, Finance ,"Term Sheet — Tuesday, January 23"
24/01/2018, Finance ,"Meet Jerome Powell, One of the Most Powerful U.S. Leaders After President Donald Trump"
24/01/2018, Finance ,Here’s What You Should Know About That Survey Saying 1 in 6 Millennials Has $100K in Savings
24/01/2018, Finance ,"Term Sheet — Wednesday, January 24"
24/01/2018, Finance ,Thousands of Starbucks Employees Are Getting Raises After GOP Tax Cuts
24/01/2018, Finance ,Disney Is the Latest Company to Give Cash Bonuses to Employees Following Tax Reform
24/01/2018, Finance ,UBS Chairman Warns of ‘Massive’ Potential Drop in Bitcoin
25/01/2018, Finance ,U.S. Dollar Bounces as Trump Goes Back on Treasury Secretary Mnuchin’s Comments
25/01/2018, Finance ,"Here’s One Major Sign That Markets Can Run Even Higher, According to the Head of the World’s Biggest Money Manager"
25/01/2018, Finance ,"Term Sheet — Thursday, January 25"
26/01/2018, Finance ,"Term Sheet — Friday, January 26"
28/01/2018, Finance ,‘Jackpotting’ Targets U.S. ATMs to Make Them Spit Out Cash
29/01/2018, Finance ,Wynn Resorts Loses $3.5 Billion After Sexual Harassment Allegations Surface About Steve Wynn
29/01/2018, Finance ,A Court Is Going to Decide Whether the Government Can Regulate Bitcoin Like Stocks
29/01/2018, Finance ,"Term Sheet — Monday, January 29"
30/01/2018, Finance ,J.P. Morgan’s Jamie Dimon Is Most Likely Not Running Against Trump in 2020
30/01/2018, Finance ,How Tax Reform Makes Goldman Sachs a Winner—and a Loser
30/01/2018, Finance ,"Term Sheet — Tuesday, January 30"
30/01/2018, Finance ,Stocks Are Dropping for a Second Day After Rising for So Long. What You Need to Know
31/01/2018, Finance ,Is Trump’s Antitrust Policy Pro-U.S. Business? A New FTC Action Casts Doubt
31/01/2018, Finance ,You Can Thank Boeing and Corporate Tax Cuts for 94% of the Dow’s Rise Today
31/01/2018, Finance ,How to Steal $500 Million in Cryptocurrency
31/01/2018, Finance ,"Term Sheet — Wednesday, January 31"
31/01/2018, Finance ,Fujifilm Is Taking Over Xerox in a $6.1 Billion Deal
01/02/2018, Finance ,A New Lawsuit Claims Morgan Stanley Still Discriminates Based on Race
01/02/2018, Finance ,"Term Sheet — Thursday, February 1"
02/02/2018, Finance ,Janet Yellen’s Last Act at the Federal Reserve: Punishing Wells Fargo
02/02/2018, Finance ,Forecast of Double-Digit Stock Returns Deserves the Right Name: Fantasyland
02/02/2018, Finance ,Here Are the Signs the Bitcoin Bubble Is About to Burst
02/02/2018, Finance ,"Term Sheet — Friday, February 2"
02/02/2018, Finance ,Wall Street Increases Amazon Targets as Shares Pop After Results
02/02/2018, Finance ,Why UPS Is Buying 14 More 747s
03/02/2018, Finance ,Bitcoin Newbies Are Getting Crushed
03/02/2018, Finance ,What to Expect From Federal Reserve Chair Jerome Powell’s Tenure
04/02/2018, Finance ,Why Stock Market Investors Should Root For a High-Scoring Super Bowl
04/02/2018, Finance ,Outgoing Fed Chair Janet Yellen Says Prices High for U.S. Stocks and Real Estate
05/02/2018, Finance ,Trump’s White House Is Worried About the Stock Market. Should You Be?
05/02/2018, Finance ,"‘It Was Excessive Confidence.’ Dow Jones Industrial Average Plunges 1,100 in Biggest One-Day Selloff Ever"
05/02/2018, Finance ,Here’s the Logic Behind a Private Equity Billionaire’s Dramatic Stock Prediction
05/02/2018, Finance ,Why Blackstone Billionaire Tony James Expects Stocks to Drop 20% This Year
05/02/2018, Finance ,Will Companies Compete Away the Tax Cut’s Bounty?
05/02/2018, Finance ,"Term Sheet — Monday, February 5"
06/02/2018, Finance ,What Investors Can Expect After the Biggest One-Day Selloff in History
06/02/2018, Finance ,These Companies Were Hit Hardest by the Big Selloff
06/02/2018, Finance ,‘These Are the Rumblings.’ Carl Icahn Warns the Stock Market Will Implode
06/02/2018, Finance ,This 24-Year-Old Made Millions in Bitcoin and Quit His Job. Here’s How He Did It
06/02/2018, Finance ,Fake KodakCoin Is Already Being Sold by Scammers
06/02/2018, Finance ,See Traders React to the Dow’s Biggest One-Day Drop in History
06/02/2018, Finance ,"As Markets Plunge and Volatility Surges, This Stock Is Soaring"
06/02/2018, Finance ,Wall Street Opens Down a Day After Biggest Decline Since 2011
06/02/2018, Finance ,"Term Sheet — Tuesday, February 6"
06/02/2018, Finance ,Stock Market Is Set to Plunge Again At Open
06/02/2018, Finance ,European Markets Continue Slide Following Asia and U.S. Sell-Offs
07/02/2018, Finance ,Wall Street’s Hottest VIX Trades Burn Amateur Investors
07/02/2018, Finance ,People Are Going Into Debt to Buy Bitcoin
07/02/2018, Finance ,Steve Wynn Could Resign With a $300 Million Bonus
08/02/2018, Finance ,"What Drove Stocks Into Correction Territory, According to Investors"
08/02/2018, Finance ,"No, The Stock Market Isn’t Crashing. But The Dow Is in Correction Territory"
08/02/2018, Finance ,Cryptocurrency Critic Says He’s Worried About His Safety
08/02/2018, Finance ,"Term Sheet — Thursday, February 8"
08/02/2018, Finance ,The Next Warren Buffett? Larry Fink’s Latest BlackRock Venture Mimics Berkshire Hathaway
09/02/2018, Finance ,Global Markets Shed $5.2 Trillion During the Dow’s Stock Market Correction
09/02/2018, Finance ,"Bitcoin Would Dominate in a ‘Dystopian World Without Trust,’ Economist Says"
09/02/2018, Finance ,"Jeff Bezos, Warren Buffett, and Larry Ellison Have Lost a Combined $19 Billion in the Past Week"
09/02/2018, Finance ,"Term Sheet — Friday, February 9"
09/02/2018, Finance ,Why America’s About to Pivot from Cheering the Economy to Fearing the Debt
09/02/2018, Finance ,A Week of Investor Whiplash: What’s Behind the Stock Market’s Volatility
10/02/2018, Finance ,"VIX Surge Hands 8,600% Profit to Little-Known Hedge Fund"
10/02/2018, Finance ,The U.S. Junk-Bond Market Just Had Its Worst Week in 2 Years
10/02/2018, Finance ,What Are Backwardation and Contango? Here’s What You Should Know
11/02/2018, Finance ,The Equifax Hack Exposed More Data Than Previously Reported
12/02/2018, Finance ,"Term Sheet — Monday, February 12"
13/02/2018, Finance ,JPMorgan Chase Is Taking Its Fund for Minority-Owned Businesses to Two More Cities
13/02/2018, Finance ,"Term Sheet — Tuesday, February 13"
14/02/2018, Finance ,Coinbase Releases Tool for Merchants to Accept Cryptocurrencies
14/02/2018, Finance ,"Bitcoin Is a ‘Noxious Poison,’ Billionaire Says"
14/02/2018, Finance ,What’s Really Worrying About the Inflation Fears That Hit the Stock Market
14/02/2018, Finance ,Danone to Sell Stake in Japan’s Yakult for $1.8 Billion
14/02/2018, Finance ,Here’s What 1999 Warren Buffett Might Say About the 2018 Stock Market
14/02/2018, Finance ,"Term Sheet — Wednesday, February 14"
15/02/2018, Finance ,"Trump ‘Strongly’ Favors Imposing Online Sales Tax, Mnuchin Says"
15/02/2018, Finance ,Bitcoin ‘Scam’ Triggers Police Search Across Europe
15/02/2018, Finance ,Healthcare Prices to Outpace Inflation for the First Time Since 2010
15/02/2018, Finance ,"Term Sheet — Thursday, February 15"
15/02/2018, Finance ,Amazon Is Now More Valuable Than Microsoft and Only 2 Other Companies Are Worth More
15/02/2018, Finance ,Teva Is Drowning in Debt and Firing Thousands of Employees. Now Warren Buffett Is Interested
15/02/2018, Finance ,Cisco’s Plan to Bring $67 Billion Back to the U.S. Could Be a Major Windfall for Its Investors
16/02/2018, Finance ,Can America’s Economy Keep Up With Its Debt?
16/02/2018, Finance ,"Term Sheet — Friday, February 16"
16/02/2018, Finance ,New Tax Cuts Will Save Billions. But for Whom?
16/02/2018, Finance ,The SEC Just Blocked the Chinese Takeover of a U.S. Stock Exchange
17/02/2018, Finance ,"This Is Warren Buffett’s Top Equity Holding, Surpassing Wells Fargo"
19/02/2018, Finance ,Sweden’s Mission to Go Cashless May Have Gone Too Far
19/02/2018, Finance ,‘Uncharted Territory:’ Goldman Sachs Issues Dire Warning About Federal Spending
19/02/2018, Finance ,Noble Group Warns Losses May Near $5 Billion as It Pursues a Deal
20/02/2018, Finance ,Kate Upton’s Sexual Harassment Allegations Are Costing This Exec Millions of Dollars
20/02/2018, Finance ,Sprint Is Selling $1 Billion in Junk Bonds to Upgrade Its Network
20/02/2018, Finance ,The Happiest People on Earth Are Spending More Money Than They Have in Years
20/02/2018, Finance ,This $42 Billion Fund Manager Says the Selloff Hit the Wrong Stocks
20/02/2018, Finance ,"Term Sheet — Tuesday, February 20"
21/02/2018, Finance ,"Donald Trump Might Be Cheering Low Unemployment, But Here’s Why Businesses Aren’t"
21/02/2018, Finance ,JPMorgan Unveils Its Plans for New Manhattan Headquarters
21/02/2018, Finance ,"Term Sheet — Wednesday, February 21"
22/02/2018, Finance ,Guns and More Guns: Will Wall Street Ever Let Go of Firearms?
22/02/2018, Finance ,This Is the Price of Admission to Get Into the 1%
22/02/2018, Finance ,Teacher Pension Funds in 12 States Are Invested in Gun Stocks
22/02/2018, Finance ,"Term Sheet — Thursday, February 22"
22/02/2018, Finance ,Why Apple’s Tim Cook Is No Fan of the Quarterly Earnings Report
22/02/2018, Finance ,Here Are the 26 Big U.S. Companies With the Most Cash Stashed Overseas
23/02/2018, Finance ,Why the Chinese Government Now Controls an Iconic New York City Hotel
23/02/2018, Finance ,"Term Sheet — Friday, February 23"
23/02/2018, Finance ,General Mills Is Buying Blue Buffalo Pet Food for $8 Billion
23/02/2018, Finance ,Companies Are Starting to Back Away From the Gun Industry and NRA
24/02/2018, Finance ,Warren Buffett Is on the Hunt for a ‘Huge’ Acquisition
24/02/2018, Finance ,Warren Buffett Warns That Safe-Looking Bonds Can Be Risky
24/02/2018, Finance ,How Berkshire Hathaway Gained $29 Billion from the New Tax Law
24/02/2018, Finance ,Citigroup Is Refunding $335 Million to Credit Card Customers
26/02/2018, Finance ,"Crypto Legend Who Bought Pizza With 10,000 Bitcoin Is Back At It"
26/02/2018, Finance ,Self-Proclaimed Inventor of Bitcoin Accused of Swindling $5 Billion in Cryptocurrency
26/02/2018, Finance ,Bitcoin Is Giving Divorcing Couples Something New to Fight About
26/02/2018, Finance ,"Term Sheet — Monday, February 26"
26/02/2018, Finance ,Weinstein Co. to File for Bankruptcy After Deal Collapses
27/02/2018, Finance ,Goldman Sachs Said to Be Weighing $1.4 Billion Sale of London Headquarters
27/02/2018, Finance ,Why Millennials Are Ditching Credit Cards
27/02/2018, Finance ,Fed Chair Sees Gradual Rate Hikes Amid Strong U.S. Growth Outlook
27/02/2018, Finance ,"Term Sheet — Tuesday, February 27"
27/02/2018, Finance ,8 Executives Reveal How They Woo Clients
28/02/2018, Finance ,Ackman Calls It Quits on Herbalife as Pershing Square Restructures
28/02/2018, Finance ,"Bill Ackman Is Said to Cede Herbalife Fight, Ending 5-Year Saga"
28/02/2018, Finance ,Spotify Finally Filed for an IPO
28/02/2018, Finance ,Bain’s Head of Private Equity Says Donald Trump’s Tax Plan Will Be a Positive for the Industry
01/03/2018, Finance ,Another 2.4 Million Equifax Customers Are About to Find Out Their Identities Were Stolen in Hack
01/03/2018, Finance ,This Tool Will Tell You If You Should Change Your Tax Withholding
01/03/2018, Finance ,6 Takeaways From Spotify’s Unusual IPO Filing
01/03/2018, Finance ,"Term Sheet — Thursday, March 1"
02/03/2018, Finance ,"After Trump’s Steel and Aluminum Trade Tariff Announcement, Dow Drops Another 300 Points"
02/03/2018, Finance ,"Term Sheet — Friday, March 2"
02/03/2018, Finance ,How Blackstone CEO Stephen Schwarzman Got $786 Million For a Year’s Work
03/03/2018, Finance ,Axa Is Said to Be in Advanced Talks to Buy Insurer XL Group
05/03/2018, Finance ,Why Some Investors Are Refusing to Buy Walmart Stock
05/03/2018, Finance ,"Term Sheet — Monday, March 5"
05/03/2018, Finance ,Axa Is Buying Insurer XL Group for $15.3 Billion as Natural Disasters Push Up Prices
06/03/2018, Finance ,Uber Has Burned Through $10.7 Billion in 9 Years. Here’s Where the Money Went
06/03/2018, Finance ,NYSE Fined $14 Million by SEC for Series of Rule Violations
06/03/2018, Finance ,‘Dow Vigilantes’ Are Retaliating Against President Trump After Tariff Announcement
06/03/2018, Finance ,Why WeWork Just Acquired a Content Marketing Company
06/03/2018, Finance ,"Term Sheet — Tuesday, March 6"
07/03/2018, Finance ,Why Gary Cohn Was Right About Tariffs
07/03/2018, Finance ,"As Gary Cohn Resigns, Goldman Sachs Loses its ‘Partner’ in Trump White House"
07/03/2018, Finance ,Bitcoin’s Famed Tokyo Whale Sold $400 Million and He’s Not Done Yet
07/03/2018, Finance ,These U.S. Businesses Are Most at Risk From a Trade War With China
07/03/2018, Finance ,The Net Worth of Departed Trump Advisor Gary Cohn
07/03/2018, Finance ,Oprah Just Sold Part of Her Weight Watchers Stock. Here’s Why
07/03/2018, Finance ,"Term Sheet — Wednesday, March 7"
07/03/2018, Finance ,CVS Bond Buyers Get $300 Million Windfall After Mega Sale
07/03/2018, Finance ,This Venture Capitalist Says SoftBank Is Creating a Subset of ‘Untouchable’ Companies
08/03/2018, Finance ,"Term Sheet — Thursday, March 8"
08/03/2018, Finance ,Cigna Is Buying Express Scripts in a $54 Billion Health Industry Deal
09/03/2018, Finance ,Martin Shkreli’s Net Worth Was Finally Revealed at His Sentencing
09/03/2018, Finance ,"Goldman Sachs CEO Lloyd Blankfein to Step Down, Report Says"
09/03/2018, Finance ,"Term Sheet — Friday, March 9"
09/03/2018, Finance ,What To Know About Today’s Monster Jobs Report
10/03/2018, Finance ,Why ‘Full Employment’ Doesn’t Mean Everyone Has a Job
12/03/2018, Finance ,5 Things to Know About Dow’s New Openly-Gay CEO Jim Fitterling
12/03/2018, Finance ,Goldman Sachs Names David Solomon as Next President as Lloyd Blankfein Prepares to Exit
12/03/2018, Finance ,"Term Sheet — Monday, March 12"
12/03/2018, Finance ,"This Crypto Exchange Is Offering a $250,000 Bounty for Hacker Tip-Offs"
13/03/2018, Finance ,Winklevoss Twins Have a Plan to Police Cryptocurrency Trading
13/03/2018, Finance ,Wall Street Seems Little Concerned by Rex Tillerson’s Ouster. But Here’s Why It Should Be
13/03/2018, Finance ,A Goldman Exec Picks His Favorite New York Dining Spots
13/03/2018, Finance ,"Term Sheet — Tuesday, March 13"
14/03/2018, Finance ,Larry Kudlow Will Be Trump’s Top Economic Adviser. Here Are His Best and Worst Calls
14/03/2018, Finance ,Former Equifax CIO Jun Ying Accused of Insider Trading
14/03/2018, Finance ,"Term Sheet — Wednesday, March 14"
14/03/2018, Finance ,Google Will Ban Online Ads for Cryptocurrencies and Initial Coin Offerings
15/03/2018, Finance ,"Term Sheet — Thursday, March 15"
15/03/2018, Finance ,How Debt Could Blow Up the Trump Economy
16/03/2018, Finance ,Goldman Sachs Pays Female Staff 56% Less Than Male Colleagues in U.K.
16/03/2018, Finance ,"Term Sheet — Friday, March 16"
16/03/2018, Finance ,"Google Doodle Just Honored George Peabody, Financier Who Became the ‘Father of Modern Philanthropy’"
16/03/2018, Finance ,Here’s What Elizabeth Warren Thinks About Wells Fargo CEO Tim Sloan’s Pay Raise
17/03/2018, Finance ,Brace Yourselves. It’s Going to Be a Particularly Busy Week in the World Economy
19/03/2018, Finance ,"Term Sheet — Monday, March 19"
20/03/2018, Finance ,‘Going Into the Lion’s Cage.’ Only 14 Women in the World Lead Commodity Houses
20/03/2018, Finance ,"Term Sheet — Tuesday, March 20"
21/03/2018, Finance ,Gun Owners Furious After YouTube Cracks Down on Popular Firearms Videos
21/03/2018, Finance ,Federal Reserve Raises Rates – and Forecasts Steeper Hikes as Economy Soars
21/03/2018, Finance ,A Short History of the U.S. Not Winning Trade Wars
21/03/2018, Finance ,"Term Sheet — Wednesday, March 21"
21/03/2018, Finance ,Bayer Just Got EU Approval for Its Monsanto Deal—With Conditions
21/03/2018, Finance ,"First Microsoft, Now Alphabet. Amazon Passes Another Giant to Become The Second Most Valuable U.S. Company"
22/03/2018, Finance ,"Term Sheet — Thursday, March 22"
22/03/2018, Finance ,How Venture Capital Mega-Funds Are Widening the Funding Gap
24/03/2018, Finance ,The World’s Richest People Have Lost $436 Billion in the Past 2 Months
26/03/2018, Finance ,"Term Sheet — Monday, March 26"
26/03/2018, Finance ,Why These 3 Beaten-Down Stocks Are Poised for Big Comebacks
26/03/2018, Finance ,A Cyber Gang Stole $1 Billion by Hacking Banks and ATMs. Now Police Say They’ve Caught the Mastermind
27/03/2018, Finance ,Why the Stock Market Is Jumping After Its Worst Week in 2 Years
27/03/2018, Finance ,"Term Sheet — Tuesday, March 27"
28/03/2018, Finance ,"Tesla Shares Fall to Lowest Point in a Year on Model 3 Worries, Crash Probe"
28/03/2018, Finance ,The Air Force Could Lose 590 F-35 Fighters Because It Can’t Afford to Maintain Them
28/03/2018, Finance ,Equifax Fills CEO Slot After Six-Month Vacancy
28/03/2018, Finance ,"Term Sheet — Wednesday, March 28"
28/03/2018, Finance ,Brexit Won’t Kill As Many U.K. Finance Jobs As We Once Thought
29/03/2018, Finance ,President Trump Claims Amazon Pays “Little or No Taxes.” Here’s Where He’s Wrong
29/03/2018, Finance ,The World’s Richest Man Just Lost $10.7 Billion as Trump Tweets About Amazon
29/03/2018, Finance ,"Term Sheet — Wednesday, March 29"
29/03/2018, Finance ,Your Chances of an IRS Tax Audit Are the Lowest in 15 Years
29/03/2018, Finance ,A $75 Million Lifeline Means Bankrupt Remington Can Keep Making Guns For Now
30/03/2018, Finance ,"Term Sheet — Friday, March 30"
02/04/2018, Finance ,Spotify’s CEO Reveals Why He’s Not Doing a Traditional IPO
02/04/2018, Finance ,These Are the 128 U.S. Products China Is Enacting Tariffs On
02/04/2018, Finance ,The Stock Market Is Having its Worst Second Quarter Since the Great Depression
02/04/2018, Finance ,President Trump Is Tweeting About Amazon Again — and its Stock Price Is Falling
02/04/2018, Finance ,"Term Sheet — Monday, April 3"
02/04/2018, Finance ,The 3 Best Bank Stocks for an Aging Bull Market
03/04/2018, Finance ,"Term Sheet — Tuesday, April 3"
03/04/2018, Finance ,J.P. Morgan Is Getting Sued Over the Suicide of a Star Broker Who Was Forced to Retire
04/04/2018, Finance ,Why Boeing Shares Are Falling on the News of Chinese Tariffs
04/04/2018, Finance ,Term Sheet — Wednesday April 4
04/04/2018, Finance ,Stocks Set to Plunge Nearly 500 Points on China Trade War Fears
05/04/2018, Finance ,Investors Are Pulling Out of Bill Ackman’s Hedge Fund at a ‘Rapid Pace’
05/04/2018, Finance ,Term Sheet — Thursday April 5
05/04/2018, Finance ,J.P. Morgan CEO Jamie Dimon Hails the GOP Tax Cut Without Praising Trump in Letter to Shareholders
06/04/2018, Finance ,Term Sheet — Friday April 6
06/04/2018, Finance ,ICOs Are ‘Absolutely Not’ All Fraudulent Says the Chairman of the SEC
08/04/2018, Finance ,Deutsche Bank Is Leaning Toward Christian Sewing as Next CEO
09/04/2018, Finance ,U.S. Budget Deficit Expected to Surpass $1 Trillion by 2020
09/04/2018, Finance ,"Term Sheet — Monday, April 9"
10/04/2018, Finance ,Having Kids Widens the Wage Gap. But These Women Are More Likely to Bounce Back
10/04/2018, Finance ,Trade War Fears Abate After China’s Xi Jinping Cuts Car Import Tariffs
10/04/2018, Finance ,What Uber’s Acquisition of JUMP Bikes Means for the Bike-Share Market
10/04/2018, Finance ,"Term Sheet — Tuesday, April 10"
11/04/2018, Finance ,JPMorgan Sued Over ‘Sky-High’ Fees for Cryptocurrency Purchases
11/04/2018, Finance ,Marijuana Stocks Spike After Ex-House Speaker John Boehner Joins Cannabis Company Board
11/04/2018, Finance ,Bank of America Will Stop Lending to Companies Making Assault-Style Guns
11/04/2018, Finance ,"Term Sheet — Wednesday, April 11"
12/04/2018, Finance ,GE Considers a Spinoff or Public Offering for its Transportation Business
12/04/2018, Finance ,Term Sheet — Thursday April 12
13/04/2018, Finance ,Wells Fargo Could Be Fined $1 Billion For Abusing Car Loans and Mortgages
13/04/2018, Finance ,Goldman Sachs Says Facebook Unfairly Dragged Tech Stocks Down
13/04/2018, Finance ,Term Sheet — Friday April 13
13/04/2018, Finance ,The London Stock Exchange Finally Has Found Its New CEO at Goldman Sachs
16/04/2018, Finance ,Russia Blocked Telegram. Now Its CEO Says Private Information Could Fall to U.S. Hands
16/04/2018, Finance ,Allegiant Air CEO’s Net Worth Is $52 Million Lower After 60 Minutes Segment Questions Safety
16/04/2018, Finance ,Here’s How Long It Takes to Get Your Tax Refund
16/04/2018, Finance ,Term Sheet — Monday April 16
16/04/2018, Finance ,Why Big Data Could Create Big Problems in the Stock Market
17/04/2018, Finance ,The Big Banks Are Reporting Record Profits Thanks in Part to President Trump’s Tax Cuts
17/04/2018, Finance ,Twitter Shares Are Having an Even Bigger Day Than Netflix
17/04/2018, Finance ,Morgan Stanley Warns Investors: The Best Times May Be Near an End
17/04/2018, Finance ,"Cryptocurrency Billionaire, 53, Dies in Drug Rehab in Mexico After Battle With Addiction"
17/04/2018, Finance ,Term Sheet — Tuesday April 17
18/04/2018, Finance ,How Trump’s Tariffs Are Squeezing His Farmer Support Base
18/04/2018, Finance ,This Is How Much Money the World Owes
18/04/2018, Finance ,Early Facebook Backer Teams With Snoop Dogg to Invest in Cannabis Startup
18/04/2018, Finance ,"42% of Americans Have Less Than $10,000 Saved For Retirement"
18/04/2018, Finance ,Term Sheet — Wednesday April 18
18/04/2018, Finance ,Parkland Survivor Wants Investors to Boycott BlackRock and Vanguard
19/04/2018, Finance ,Finland’s Basic Income Experiment Will End in 2019
19/04/2018, Finance ,14 Million People Waited Until the Last Minute to File Their Taxes
19/04/2018, Finance ,Term Sheet — Thursday April 19
20/04/2018, Finance ,What It’s Like to Be a Soybean Farmer During a Trade War
20/04/2018, Finance ,Term Sheet — Friday April 20
20/04/2018, Finance ,Ex-SunTrust Employee May Have Tried Sharing 1.5 Million Customers’ Data
20/04/2018, Finance ,Why Stock Market Buybacks Should Make Investors Nervous
20/04/2018, Finance ,Wells Fargo Will Pay $1 Billion to Settle Probes Into Mistreating Consumers
20/04/2018, Finance ,GE Finally Got Some Good News
20/04/2018, Finance ,‘This Was an Operational Error.’ Deutsche Bank Accidentally Transferred $35 Billion It Didn’t Owe
23/04/2018, Finance ,Here’s How the China-U.S. Tariff Talks May Already Be Hurting America’s Job Growth
23/04/2018, Finance ,"Term Sheet — Monday, April 23"
24/04/2018, Finance ,Microsoft Becomes Second Most Valuable Company For First Time Since 2015
24/04/2018, Finance ,Why You Should Care That the 10-Year Treasury Yield Just Reached 3%
24/04/2018, Finance ,Bitcoin Is One of the Few Things Surging Amid a Sea of Losses
24/04/2018, Finance ,Billionaire Vinod Khosla Wants the Supreme Court to Keep People Off His Beach
24/04/2018, Finance ,"Term Sheet — Tuesday, April 24"
25/04/2018, Finance ,Rage at Globalism Is Just the Beginning
25/04/2018, Finance ,CFPB Director Mick Mulvaney Urges Bankers to Pay for Influence
25/04/2018, Finance ,LendingClub Accused by U.S. of Deception on Hidden Loan Fees
25/04/2018, Finance ,Why Some Cryptocurrencies Are Only for the Wealthy
25/04/2018, Finance ,Winklevoss Twins Hire Nasdaq to Keep Cheaters Off Cryptocurrency Market
25/04/2018, Finance ,"Term Sheet — Wednesday, April 25"
26/04/2018, Finance ,"As Chipotle Soars on Turnaround Hopes, Troubled Hedge Fund Titan Bill Ackman Gets a Boost"
26/04/2018, Finance ,Ex-HSBC Currency Trader Mark Johnson Sentenced to 2 Years in Prison
26/04/2018, Finance ,Deutsche Bank Is Said to Be Planning Cuts to U.S. Jobs
26/04/2018, Finance ,The Labor Department Is Looking Into Wells Fargo’s 401(k) Policies
26/04/2018, Finance ,"Kanye West Tweets About Starting VC Fund, Meeting With Billionaire Peter Thiel"
26/04/2018, Finance ,"Term Sheet — Thursday, April 26"
26/04/2018, Finance ,Why the Next 9 Days Are So Critical for the U.S. Economy
27/04/2018, Finance ,Here’s Who Isn’t Winning From Denuclearization Talks and Friendlier North Korea-South Korea Relations
27/04/2018, Finance ,Sequoia Capital Is On Track To Raise $8 Billion For Its Monster Fund
27/04/2018, Finance ,"Term Sheet — Friday, April 27"
27/04/2018, Finance ,Will Exxon Reward Investors? 5 Things to Watch in Earnings
27/04/2018, Finance ,Want to Trade Samsung Stock Monday? You’ll Just Have to Wait
30/04/2018, Finance ,"Sorry Coastal Elites, the Best Cities to Start a Business Right Now Are in ‘Fly Over’ States"
30/04/2018, Finance ,"Term Sheet — Monday, April 30"
30/04/2018, Finance ,Marriott Vacations Is Making a $4.7 Billion Bet on Luxury Timeshare Resorts
30/04/2018, Finance ,Apple Will Probably Report Bad iPhone X News Tuesday. Here’s How Tim Cook May Try to Fix the Problem
01/05/2018, Finance ,"U.S.-China Trade Tariffs Could Set Back Much of Trump Job Gains, Says Study"
01/05/2018, Finance ,"Term Sheet — Tuesday, May 1"
01/05/2018, Finance ,Pfizer Shares Deflate After Another Quarter Without a Big Transaction
01/05/2018, Finance ,What to Expect From Apple’s Earnings Report Tuesday
02/05/2018, Finance ,"Fed Votes to Keep Interest Rates Unchanged, But a June Hike Is Likely"
02/05/2018, Finance ,CVS Says It’s Still ‘Moving Forward’ With $68 Billion Aetna Deal
02/05/2018, Finance ,How ‘Secret Fares’ and Mobile Apps Will Soon Change the Way You Fly
02/05/2018, Finance ,"Term Sheet — Wednesday, May 2"
02/05/2018, Finance ,"Carl Icahn Ousts Xerox Boss, Putting $6.1 Billion Fujifilm Deal in Limbo"
03/05/2018, Finance ,"What’s Stopping Female Jobseekers From Landing Interviews? Their ‘A’ Grades, Says Study"
03/05/2018, Finance ,Why Jay-Z Is Being Subpoenaed by the SEC
03/05/2018, Finance ,"Term Sheet — Thursday, May 3"
03/05/2018, Finance ,Richard Branson Enters a New Frontier: Private Equity
03/05/2018, Finance ,"Tesla Shares Keep Tanking After Elon Musk Disses Wall Street Analysts’ ‘Boring, Bonehead Questions’"
03/05/2018, Finance ,China’s Xiaomi Files in Hong Kong for the World’s Biggest IPO Since 2014
04/05/2018, Finance ,Here Are 5 Things to Watch For at the 2018 Berkshire Hathaway Shareholder Meeting
04/05/2018, Finance ,Here’s How to Watch Warren Buffett’s 2018 Berkshire Hathaway Shareholder Meeting
04/05/2018, Finance ,Unemployment Is Its Lowest in 17 Years. Here’s Why That’s Great for the Disabled and Ex-Cons
04/05/2018, Finance ,"How to Lose $700 Million, Theranos-Style"
04/05/2018, Finance ,"Term Sheet — Friday, May 4"
04/05/2018, Finance ,Alibaba Says Its Going to Grow Almost 50% Faster Than Wall Street Expected
04/05/2018, Finance ,"Elon Musk’s Wall Street-Bashing Sunk Tesla Stock, But He Still Has More to Say"
04/05/2018, Finance ,Why Xerox’s CEO Is Staying and Its Merger With Fujifilm Might Be Back On
05/05/2018, Finance ,Why Warren Buffett Thinks Buying Microsoft Stock ‘Would Be a Mistake’
05/05/2018, Finance ,Why Elon Musk and Warren Buffett Are Suddenly Trolling Each Other Over See’s Candies
05/05/2018, Finance ,"Berkshire Hathaway, Amazon and JPMorgan Are Close to Hiring a CEO for Their Healthcare Venture"
05/05/2018, Finance ,California’s Economy Is Now Bigger Than All of the U.K.
05/05/2018, Finance ,Warren Buffett’s Berkshire Hathaway Just Posted Its First Loss in 9 Years. Here’s Why
07/05/2018, Finance ,Why Warren Buffett Loves Apple Stock
07/05/2018, Finance ,The 13 Best Warren Buffett Quotes from the Berkshire Hathaway Meeting
07/05/2018, Finance ,The 21 Best Charlie Munger Quotes From the Berkshire Hathaway Meeting
07/05/2018, Finance ,‘World of Warcraft’ Currency Is Now Worth 7 Times as Much as Venezuela’s Cash
07/05/2018, Finance ,"Forget the Bolívar: In Venezuela, Bartering Is the New Economy"
07/05/2018, Finance ,"Term Sheet — Monday, May 7"
07/05/2018, Finance ,Why Nestle Is Paying $7.2 Billion to Sell Starbucks Coffee
08/05/2018, Finance ,"Term Sheet — Tuesday, May 8"
08/05/2018, Finance ,Comcast Is Still Trying to Bust Up the Fox-Disney Marriage. Here’s How They Could Do It
09/05/2018, Finance ,"The Highest Paid CEO on the S&P 500 Made 2,000 Times the Average U.S. Worker in 2017"
09/05/2018, Finance ,"Term Sheet — Wednesday, May 9"
09/05/2018, Finance ,Walmart’s $16 Billion Flipkart Deal Just Created 2 New Billionaires
09/05/2018, Finance ,People Love MoviePass’s Prices. That’s Why It Might Not Survive
10/05/2018, Finance ,Robinhood Trading App Surpasses E*Trade in Total Users
10/05/2018, Finance ,"Term Sheet — Thursday, May 10"
10/05/2018, Finance ,‘A Milestone Moment.’ Why RBS Is So Happy to Pay the U.S. a $4.9 Billion Fine
11/05/2018, Finance ,Why VC Tim Draper Keeps Defending Theranos CEO Elizabeth Holmes
11/05/2018, Finance ,"Term Sheet — Friday, May 11"
11/05/2018, Finance ,The Trump Administration Changed Taxes on Cash Held Overseas. Now Firms Have Stopped Reporting It
12/05/2018, Finance ,The 10 Biggest Surprises From the $828 Million Rockefeller Auction
14/05/2018, Finance ,"Term Sheet — Monday, May 14"
14/05/2018, Finance ,Xerox Has Killed Its Merger With Fujifilm and Carl Icahn Is ‘Extremely Pleased’
15/05/2018, Finance ,"Term Sheet — Tuesday, May 15"
16/05/2018, Finance ,"Term Sheet — Wednesday, May 16"
16/05/2018, Finance ,SoftBank’s Founder Has Plans for Another Ginormous Tech Investment Fund
17/05/2018, Finance ,Wells Fargo’s Latest Misconduct Involves Its Corporate Customers
17/05/2018, Finance ,"Term Sheet — Thursday, May 17"
18/05/2018, Finance ,"Term Sheet — Friday, May 18"
18/05/2018, Finance ,Crypto Bros’ Lamborghini Obsession Morphs Into Aspirational Parody
18/05/2018, Finance ,Japanese Cryptocurrency Exchange Coincheck Is Plotting Its Comeback
19/05/2018, Finance ,It Was an Unlucky Week to Throw $8.8 Billion at the Stock Market
21/05/2018, Finance ,Here Are the Fortune 500’s 10 Most Valuable Companies
21/05/2018, Finance ,"Term Sheet — Monday, May 21"
21/05/2018, Finance ,Why General Electric Is Spinning Off Its Transportation Business
21/05/2018, Finance ,Investors Are Really Excited About the Pause in U.S.-China Trade War
21/05/2018, Finance ,Paper Jam! How Carl Icahn And a Billionaire Partner Blocked Xerox’s Merger with Fujifilm
22/05/2018, Finance ,These Companies Have Made the Fortune 500 Every Year Since 1955
22/05/2018, Finance ,"Michael Cohen’s Taxi Partner Enters Plea Deal, Suggesting Cooperation"
22/05/2018, Finance ,Ex-Valeant Executive Guilty of Taking Pharmacy CEO’s Bribe
22/05/2018, Finance ,"Term Sheet — Tuesday, May 22"
23/05/2018, Finance ,Freezing Your Credit Will Be Free Later This Year
23/05/2018, Finance ,Deutsche Bank Weighs Cutting 10% of Jobs
23/05/2018, Finance ,"Term Sheet — Wednesday, May 23"
24/05/2018, Finance ,Gold and Defense Stocks Rise as Donald Trump Cancels North Korea Summit
24/05/2018, Finance ,"People Born in the 1980s Are the Worst Off Financially, Study Finds"
24/05/2018, Finance ,"Term Sheet — Thursday, May 24"
24/05/2018, Finance ,China May Be About to Cut Import Tariffs on Lipstick and Food and Everything in Between
24/05/2018, Finance ,Uber’s Revenue Spiked 70% Last Quarter. But It Still Lost Tons of Money
25/05/2018, Finance ,Xiaomi Said to Seek June 7 Listing Hearing for $10 Billion IPO
25/05/2018, Finance ,"Riskiest Junk Bonds Are Most ‘Mispriced’ Since 2007, Goldman Says"
25/05/2018, Finance ,"Term Sheet — Friday, May 25"
25/05/2018, Finance ,Finance App Albert Raises $5 Million To Help You Solve Your Money Problems
25/05/2018, Finance ,How This Year’s Fortune 500 Breaks One Record After the Next
26/05/2018, Finance ,PayPal Will Integrate Across All Google Services Soon
27/05/2018, Finance ,Alberto Could Bring $1 Billion in Economic Losses to Gulf Coast
29/05/2018, Finance ,"Term Sheet — Tuesday, May 29"
30/05/2018, Finance ,Fed Releases Proposal for Easing Volcker Rule Trading Limits
30/05/2018, Finance ,Navarro Hits at Mnuchin for U.S.-China Trade War Comments
30/05/2018, Finance ,"Term Sheet — Wednesday, May 30"
30/05/2018, Finance ,The U.S. Investor Behind the Magnitsky Act Was Arrested in Spain on a Russian Warrant
31/05/2018, Finance ,"J.P. Morgan CEO Jamie Dimon Is Still Very, Very Well Paid"
31/05/2018, Finance ,"Term Sheet — Thursday, May 31"
31/05/2018, Finance ,Will He or Won’t He? Airbnb CEO Brian Chesky Teases a 2019 IPO
01/06/2018, Finance ,Why Prominent Seed Firm SV Angel Will Not Raise a New Fund
01/06/2018, Finance ,"Term Sheet — Friday, June 1"
01/06/2018, Finance ,A Goldman Sachs VP Is Facing Criminal Charges Over Insider Trading. Here’s How His Scam Supposedly Worked
04/06/2018, Finance ,Why Andreessen Horowitz Wrote GitHub’s First Big Check Back in 2012
04/06/2018, Finance ,"Term Sheet — Wednesday, June 4"
04/06/2018, Finance ,A Lunch With Warren Buffett Just Fetched $3 Million at Auction
05/06/2018, Finance ,Josh Kushner’s Thrive Capital Strikes Gold in GitHub Deal
05/06/2018, Finance ,Microsoft’s $7.5 Billion GitHub Acquisition Is One of Its Biggest Bets Yet
05/06/2018, Finance ,"A 9,500% Stock Surge Turns Janitors Into Millionaires"
05/06/2018, Finance ,Not Prepared for Retirement? Here’s a Solution: Don’t Retire
05/06/2018, Finance ,"Term Sheet — Tuesday, June 5"
05/06/2018, Finance ,Twitter Stock Pops Even Higher on News That It Will Replace Monsanto on the S&P 500
06/06/2018, Finance ,"Term Sheet — Wednesday, June 6"
06/06/2018, Finance ,"Founders Fund Partner Talks Privacy, Facebook, and His Time at Peter Thiel’s Secretive Data Company"
07/06/2018, Finance ,Kevin Hartz Is Stepping Down as Partner at Founders Fund
07/06/2018, Finance ,"Tax Reform Is Lifting Profits, but Beware Wall Street’s Blue Sky Forecasts"
07/06/2018, Finance ,Canada Is Set to Legalize Recreational Weed Today. Here’s Why Marijuana Stock Investors Aren’t Cheering
07/06/2018, Finance ,Crypto’s 32-Year-Old Billionaire Mining King Jihan Wu Is Mulling IPO
07/06/2018, Finance ,"Term Sheet — Thursday, June 7"
07/06/2018, Finance ,Warren Buffett and Jamie Dimon Really Want Companies to Stop Giving Quarterly Earnings Guidance
08/06/2018, Finance ,"Term Sheet — Friday, June 8"
08/06/2018, Finance ,‘That Price Is Too High.’ Carl Icahn Thinks Xerox Is Worth $40 a Share But Fujifilm’s CEO Won’t Pay Up
08/06/2018, Finance ,Jack Ma’s Chinese Fintech Firm Just Raised So Much Money It’s Now Worth More Than Goldman Sachs
11/06/2018, Finance ,Workday Snaps Adaptive Insights Off the IPO Market
11/06/2018, Finance ,KKR Will Buy Envision Healthcare for an Eye-Popping $5.5 Billion
11/06/2018, Finance ,"Term Sheet — Monday, June 11"
11/06/2018, Finance ,Watch Out: This Could Be the World Economy’s Most Important Week of 2018
12/06/2018, Finance ,Discover to Offer Full-Ride Online Bachelor’s Degrees
12/06/2018, Finance ,Merrill Lynch to Pay $15.7 Million for Duping Mortgage Bond Customers
12/06/2018, Finance ,A Front-Row Seat for the AT&T-Time Warner Merger Ruling Costs Up to $860
12/06/2018, Finance ,Meituan Is Said to Plan $6 Billion IPO Filing This Month
12/06/2018, Finance ,"Term Sheet — Tuesday, June 12"
13/06/2018, Finance ,AT&T Win Unleashes Wave of Investors’ Bets on Next Big M&A Deal
13/06/2018, Finance ,"Term Sheet — Wednesday, June 13"
14/06/2018, Finance ,"Term Sheet — Thursday, June 14"
14/06/2018, Finance ,This Under-the-Radar Company Has Been Aggressively Buying Up Businesses — and It’s Working
15/06/2018, Finance ,"Dow Slips 200 Points, Soybean Prices Fall as Trump Slaps 25% Tariff on China"
15/06/2018, Finance ,"Term Sheet — Friday, June 15"
16/06/2018, Finance ,Citibank Fined $100 Million for Manipulating Key Global Interest Rate
18/06/2018, Finance ,"Term Sheet — Monday, June 18"
18/06/2018, Finance ,Cryptocurrencies ‘Do Not Work as Money:’ New Bank Report Issues the Ultimate Bitcoin Diss
19/06/2018, Finance ,Goldman Sachs CEO Lloyd Blankfein Calls Immigrant Family Separations ‘Horrible’ and “Tragic’
19/06/2018, Finance ,"Term Sheet — Tuesday, June 19"
19/06/2018, Finance ,Fujifilm Is Suing Xerox for $1 Billion for Walking Away From Their Merger
20/06/2018, Finance ,Elon Musk Shoots for Mars — And Strains His Balance Sheet
20/06/2018, Finance ,Mark Zuckerberg on Brink of Eclipsing Warren Buffett as World’s Third-Richest Person
20/06/2018, Finance ,"With GE Booted, These 30 Companies Will Soon Form the Dow Jones Industrial Average"
20/06/2018, Finance ,"Term Sheet — Wednesday, June 20"
20/06/2018, Finance ,"The U.S. Economy May Be Booming, But Americans Aren’t Saving"
20/06/2018, Finance ,Cryptocurrencies Tumble After $32 Million South Korea Exchange Hack
21/06/2018, Finance ,Intel CEO Brian Krzanich Resigned. Here’s How Much His Severance May Be
21/06/2018, Finance ,"Term Sheet — Thursday, June 21"
22/06/2018, Finance ,"Term Sheet — Friday, June 22"
23/06/2018, Finance ,Why Short Selling Can Make You Rich But Not Popular
25/06/2018, Finance ,"Term Sheet — Monday, June 25"
25/06/2018, Finance ,Harley-Davidson Is Moving Some Production Overseas to Deal With the EU-Trump Trade War
25/06/2018, Finance ,Why GE Is Selling Another Part of Its Business to a Private Equity Firm
26/06/2018, Finance ,The Yield Curve Is Flatter! Remind Me Why I Care
26/06/2018, Finance ,"Term Sheet — Tuesday, June 26"
27/06/2018, Finance ,Tech Stocks Are Killing It in Canada
27/06/2018, Finance ,"Term Sheet — Wednesday, June 27"
27/06/2018, Finance ,Chef Boyardee and Birds Eye Are Getting Together in a $8.1 Billion Merger Between Conagra and Pinnacle Foods
28/06/2018, Finance ,"‘I’ve Never Been This Bullish’ on the U.S. Economy, Bank of America Strategist Says"
28/06/2018, Finance ,Crypto Coin Graveyard Fills Up Fast as ICOs Meet Their Demise
28/06/2018, Finance ,China’s Sliding Yuan Is Bad News for These Companies
28/06/2018, Finance ,"Term Sheet — Thursday, June 28"
29/06/2018, Finance ,"Term Sheet — Friday, June 29"
29/06/2018, Finance ,Chinese Smartphone Maker Xiaomi’s Monster IPO Wasn’t As Monstrous As People Expected
